{
  "weights": {
    "基本面": 0.14,
    "趋势": 0.1114,
    "分析师": 0.11,
    "动量": 0.1412,
    "盈利质量": 0.1,
    "资金流": 0.09,
    "筹码面": 0.08,
    "风险": 0.04,
    "相对大盘": 0.1075,
    "新闻情绪": 0.06,
    "强弱": 0.02
  },
  "ic": {
    "趋势": 0.03111516761485116,
    "动量": 0.06120904704578081,
    "强弱": -0.017942962863456945,
    "相对大盘": 0.04864887964527557,
    "风险": -0.08815549081427144
  },
  "meta": {
    "period": "5y",
    "horizon": 21,
    "step": 21,
    "blend": 0.5,
    "observations": 676
  }
}